Model,CV_Accuracy,CV_F1,CV_AUC,CV_Precision,CV_Recall,F1_mean,AUC_mean,F1_std
LightGBM (Tuned),0.9352 ± 0.0022,0.9066 ± 0.0032,0.9868 ± 0.0007,0.9146 ± 0.0041,0.8988 ± 0.0044,0.9066384290005811,0.9868191386547187,0.0032106507333566564
XGBoost (Tuned),0.9347 ± 0.0023,0.9060 ± 0.0034,0.9870 ± 0.0007,0.9134 ± 0.0048,0.8987 ± 0.0054,0.9060023441123519,0.9869918867143743,0.003409548560125592
Stacking,0.9335 ± 0.0033,0.9039 ± 0.0046,0.9845 ± 0.0008,0.9142 ± 0.0071,0.8938 ± 0.0047,0.9038786421199021,0.9844997633518702,0.004569233240437526
Random Forest,0.9258 ± 0.0023,0.8916 ± 0.0033,0.9806 ± 0.0009,0.9119 ± 0.0052,0.8722 ± 0.0054,0.8916021634753953,0.9806096389184937,0.0033381058591234196
Logistic Regression,0.8777 ± 0.0044,0.8216 ± 0.0069,0.9529 ± 0.0019,0.8395 ± 0.0054,0.8046 ± 0.0099,0.8216199111925524,0.9528767732950667,0.006902930715882691
